[
{
    "model": "lawbook.filter",
    "pk": 1,
    "fields": {
        "name": "Srila Prabhupada"
    }
},
{
    "model": "lawbook.filter",
    "pk": 2,
    "fields": {
        "name": "ISKCON"
    }
},
{
    "model": "lawbook.filter",
    "pk": 3,
    "fields": {
        "name": "GBC"
    }
},
{
    "model": "lawbook.filter",
    "pk": 4,
    "fields": {
        "name": "Temples"
    }
},
{
    "model": "lawbook.filter",
    "pk": 5,
    "fields": {
        "name": "Ministers"
    }
},
{
    "model": "lawbook.filter",
    "pk": 6,
    "fields": {
        "name": "Committees"
    }
},
{
    "model": "lawbook.filter",
    "pk": 7,
    "fields": {
        "name": "Ministries"
    }
},
{
    "model": "lawbook.section",
    "pk": 130,
    "fields": {
        "section": "400.0",
        "title": "ISKCON Ministries and committees"
    }
},
{
    "model": "lawbook.section",
    "pk": 131,
    "fields": {
        "section": "100.0",
        "title": "Srila Prabhupada"
    }
},
{
    "model": "lawbook.section",
    "pk": 132,
    "fields": {
        "section": "101.0",
        "title": "Use of titles"
    }
},
{
    "model": "lawbook.section",
    "pk": 133,
    "fields": {
        "section": "102.0",
        "title": "Shrines and memorials"
    }
},
{
    "model": "lawbook.section",
    "pk": 134,
    "fields": {
        "section": "103.0",
        "title": "Plaques"
    }
},
{
    "model": "lawbook.section",
    "pk": 138,
    "fields": {
        "section": "200.0",
        "title": "Governing Body Commission"
    }
},
{
    "model": "lawbook.section",
    "pk": 139,
    "fields": {
        "section": "201.0",
        "title": "GBC body"
    }
},
{
    "model": "lawbook.section",
    "pk": 140,
    "fields": {
        "section": "202.0",
        "title": "Executive Committee of the GBC body"
    }
},
{
    "model": "lawbook.section",
    "pk": 141,
    "fields": {
        "section": "300.0",
        "title": "International Society for Krsna Consciousness"
    }
},
{
    "model": "lawbook.section",
    "pk": 142,
    "fields": {
        "section": "301.0",
        "title": "ISKCON Members"
    }
},
{
    "model": "lawbook.section",
    "pk": 143,
    "fields": {
        "section": "302.0",
        "title": "Asramas (spiritual orders) in ISKCON"
    }
},
{
    "model": "lawbook.section",
    "pk": 144,
    "fields": {
        "section": "303.0",
        "title": "ISKCON - temples and affiliates"
    }
},
{
    "model": "lawbook.section",
    "pk": 145,
    "fields": {
        "section": "305.0",
        "title": "ISKCON related organizations"
    }
},
{
    "model": "lawbook.section",
    "pk": 146,
    "fields": {
        "section": "306.0",
        "title": "International projects"
    }
},
{
    "model": "lawbook.section",
    "pk": 148,
    "fields": {
        "section": "500.0",
        "title": "GBC deputies and zonal supervisors"
    }
},
{
    "model": "lawbook.section",
    "pk": 154,
    "fields": {
        "section": "600.0",
        "title": "ISKCON spiritual leadership"
    }
},
{
    "model": "lawbook.section",
    "pk": 155,
    "fields": {
        "section": "601.0",
        "title": "Legal affairs"
    }
},
{
    "model": "lawbook.section",
    "pk": 156,
    "fields": {
        "section": "602.0",
        "title": "Oath of loyalty"
    }
},
{
    "model": "lawbook.section",
    "pk": 157,
    "fields": {
        "section": "603.0",
        "title": "Discipline and conduct of ISKCON leaders"
    }
},
{
    "model": "lawbook.section",
    "pk": 158,
    "fields": {
        "section": "604.0",
        "title": "Standards and duties of spiritual leaders"
    }
},
{
    "model": "lawbook.section",
    "pk": 166,
    "fields": {
        "section": "700.0",
        "title": "Gurus and disciples"
    }
},
{
    "model": "lawbook.section",
    "pk": 167,
    "fields": {
        "section": "701.0",
        "title": "ISKCON spiritual masters"
    }
},
{
    "model": "lawbook.section",
    "pk": 168,
    "fields": {
        "section": "702.0",
        "title": "Discipleship in ISKCON"
    }
},
{
    "model": "lawbook.section",
    "pk": 171,
    "fields": {
        "section": "800.0",
        "title": "Appointments"
    }
},
{
    "model": "lawbook.section",
    "pk": 172,
    "fields": {
        "section": "801.0",
        "title": "GBC officers and members"
    }
},
{
    "model": "lawbook.section",
    "pk": 173,
    "fields": {
        "section": "802.0",
        "title": "Zonal assignments"
    }
},
{
    "model": "lawbook.section",
    "pk": 302,
    "fields": {
        "section": "204.0",
        "title": "GBC Standing committees"
    }
},
{
    "model": "lawbook.section",
    "pk": 303,
    "fields": {
        "section": "203.0",
        "title": "GBC members"
    }
},
{
    "model": "lawbook.section",
    "pk": 304,
    "fields": {
        "section": "206.0",
        "title": "Geographic area committees"
    }
},
{
    "model": "lawbook.section",
    "pk": 305,
    "fields": {
        "section": "207.0",
        "title": "GBC meetings"
    }
},
{
    "model": "lawbook.section",
    "pk": 307,
    "fields": {
        "section": "304.0",
        "title": "ISKCON immovable properties"
    }
},
{
    "model": "lawbook.section",
    "pk": 308,
    "fields": {
        "section": "401.0",
        "title": "GBC Minsters"
    }
},
{
    "model": "lawbook.section",
    "pk": 309,
    "fields": {
        "section": "402.0",
        "title": "Preaching vision and goals for ISKCON in relation to ISKCON Ministries"
    }
},
{
    "model": "lawbook.section",
    "pk": 310,
    "fields": {
        "section": "403.0",
        "title": "ISKCON Deity Worship Ministry"
    }
},
{
    "model": "lawbook.section",
    "pk": 311,
    "fields": {
        "section": "404.0",
        "title": "Ministry of Education"
    }
},
{
    "model": "lawbook.section",
    "pk": 312,
    "fields": {
        "section": "405.0",
        "title": "Ministry of Book Distribution"
    }
},
{
    "model": "lawbook.section",
    "pk": 313,
    "fields": {
        "section": "406.0",
        "title": "Congregational Development Ministry"
    }
},
{
    "model": "lawbook.section",
    "pk": 314,
    "fields": {
        "section": "407.0",
        "title": "Ministry of Justice"
    }
},
{
    "model": "lawbook.section",
    "pk": 315,
    "fields": {
        "section": "408.0",
        "title": "Ministry of Justice: ISKCON Dispute Resolution Office"
    }
},
{
    "model": "lawbook.section",
    "pk": 316,
    "fields": {
        "section": "409.0",
        "title": "Ministry of Fund Development"
    }
},
{
    "model": "lawbook.section",
    "pk": 317,
    "fields": {
        "section": "410.0",
        "title": "Ministry of Health and Welfare"
    }
},
{
    "model": "lawbook.section",
    "pk": 318,
    "fields": {
        "section": "411.0",
        "title": "Ministry of Cow Protection and Agriculture"
    }
},
{
    "model": "lawbook.section",
    "pk": 319,
    "fields": {
        "section": "412.0",
        "title": "ISKCON Youth Ministry"
    }
},
{
    "model": "lawbook.section",
    "pk": 320,
    "fields": {
        "section": "413.0",
        "title": "Ministry of Communications"
    }
},
{
    "model": "lawbook.section",
    "pk": 321,
    "fields": {
        "section": "414.0",
        "title": "Ministry of Padayatra"
    }
},
{
    "model": "lawbook.section",
    "pk": 322,
    "fields": {
        "section": "415.0",
        "title": "Ministry of Sannyasa Services"
    }
},
{
    "model": "lawbook.section",
    "pk": 323,
    "fields": {
        "section": "416.0",
        "title": "Vaisnavi Ministry"
    }
},
{
    "model": "lawbook.section",
    "pk": 324,
    "fields": {
        "section": "417.0",
        "title": "Other Ministries"
    }
},
{
    "model": "lawbook.section",
    "pk": 325,
    "fields": {
        "section": "805.0",
        "title": "Appointment of deputies"
    }
},
{
    "model": "lawbook.section",
    "pk": 326,
    "fields": {
        "section": "806.0",
        "title": "Appointment of auditor"
    }
},
{
    "model": "lawbook.section",
    "pk": 327,
    "fields": {
        "section": "807.0",
        "title": "Appointment of zonal supervisors"
    }
},
{
    "model": "lawbook.section",
    "pk": 328,
    "fields": {
        "section": "900.0",
        "title": "Finances"
    }
},
{
    "model": "lawbook.section",
    "pk": 329,
    "fields": {
        "section": "901.0",
        "title": "Budget"
    }
},
{
    "model": "lawbook.section",
    "pk": 330,
    "fields": {
        "section": "902.0",
        "title": "Annual personal financial reporting"
    }
},
{
    "model": "lawbook.section",
    "pk": 331,
    "fields": {
        "section": "803.0",
        "title": "Sannyasa waiting list and initiation"
    }
},
{
    "model": "lawbook.section",
    "pk": 332,
    "fields": {
        "section": "804.0",
        "title": "Reaffirmation of Ministries and Standing Committees"
    }
},
{
    "model": "lawbook.section",
    "pk": 334,
    "fields": {
        "section": "207.1",
        "title": "Annual general meeting"
    }
},
{
    "model": "lawbook.section",
    "pk": 335,
    "fields": {
        "section": "207.2",
        "title": "Mid-term meeting"
    }
},
{
    "model": "lawbook.section",
    "pk": 336,
    "fields": {
        "section": "208.1",
        "title": "Zonal configuration for Russia"
    }
},
{
    "model": "lawbook.section",
    "pk": 337,
    "fields": {
        "section": "301.6",
        "title": "General guidelines: Improving Sanskrit pronunciation in ISKCON"
    }
},
{
    "model": "lawbook.section",
    "pk": 339,
    "fields": {
        "section": "306.3",
        "title": "BBT funding for Temple of Vedic Planetarium (TOVP)"
    }
},
{
    "model": "lawbook.section",
    "pk": 340,
    "fields": {
        "section": "306.6",
        "title": "Mayapur Retirement Village"
    }
},
{
    "model": "lawbook.section",
    "pk": 341,
    "fields": {
        "section": "418.0",
        "title": "Sastric Advisory Council"
    }
},
{
    "model": "lawbook.section",
    "pk": 342,
    "fields": {
        "section": "420.1",
        "title": "Daivi-varnasrama Research Committee"
    }
},
{
    "model": "lawbook.section",
    "pk": 343,
    "fields": {
        "section": "501.0",
        "title": "GBC deputies"
    }
},
{
    "model": "lawbook.section",
    "pk": 344,
    "fields": {
        "section": "501.1",
        "title": "Definition"
    }
},
{
    "model": "lawbook.section",
    "pk": 345,
    "fields": {
        "section": "501.2",
        "title": "Duties"
    }
},
{
    "model": "lawbook.section",
    "pk": 346,
    "fields": {
        "section": "501.3",
        "title": "Functions"
    }
},
{
    "model": "lawbook.section",
    "pk": 347,
    "fields": {
        "section": "502.0",
        "title": "Zonal supervisors"
    }
},
{
    "model": "lawbook.section",
    "pk": 349,
    "fields": {
        "section": "300.3",
        "title": "ISKCON's 50th anniversary"
    }
},
{
    "model": "lawbook.section",
    "pk": 350,
    "fields": {
        "section": "405.1",
        "title": "Plans for increasing book distribution"
    }
},
{
    "model": "lawbook.section",
    "pk": 351,
    "fields": {
        "section": "301.3",
        "title": "General membership"
    }
},
{
    "model": "lawbook.section",
    "pk": 352,
    "fields": {
        "section": "100.2",
        "title": "Principles: Recognition of Srila Prabhupada's position as Founder-Acarya of ISKCON"
    }
},
{
    "model": "lawbook.section",
    "pk": 353,
    "fields": {
        "section": "100.2",
        "title": "Principles: The significance of Srila Prabhupada to ISKCON"
    }
},
{
    "model": "lawbook.section",
    "pk": 354,
    "fields": {
        "section": "303.3",
        "title": "Guidelines: sound systems guideline"
    }
},
{
    "model": "lawbook.section",
    "pk": 355,
    "fields": {
        "section": "1000.0",
        "title": "Appendices"
    }
},
{
    "model": "lawbook.section",
    "pk": 356,
    "fields": {
        "section": "1001.0",
        "title": "Letters of appreciation"
    }
},
{
    "model": "lawbook.section",
    "pk": 357,
    "fields": {
        "section": "419.0",
        "title": "ISKCON Central Office of Child Protection"
    }
},
{
    "model": "lawbook.section",
    "pk": 358,
    "fields": {
        "section": "420.2",
        "title": "BBT Construction Grant Allocation Committee (BBTCG)"
    }
},
{
    "model": "lawbook.section",
    "pk": 359,
    "fields": {
        "section": "420.3",
        "title": "GBC Appointment Committee"
    }
},
{
    "model": "lawbook.section",
    "pk": 360,
    "fields": {
        "section": "420.4",
        "title": "GBC-BBT Team"
    }
},
{
    "model": "lawbook.section",
    "pk": 361,
    "fields": {
        "section": "420.5",
        "title": "GBC Vaisnava Calendar Committee"
    }
},
{
    "model": "lawbook.section",
    "pk": 362,
    "fields": {
        "section": "420.6",
        "title": "Guru Services Committee"
    }
},
{
    "model": "lawbook.section",
    "pk": 363,
    "fields": {
        "section": "420.7",
        "title": "ISKCON Property Office"
    }
},
{
    "model": "lawbook.section",
    "pk": 364,
    "fields": {
        "section": "420.8",
        "title": "Vrindavan Samadhi Standing Committee"
    }
},
{
    "model": "lawbook.section",
    "pk": 365,
    "fields": {
        "section": "420.9",
        "title": "World Holy Name Week Committee"
    }
},
{
    "model": "lawbook.section",
    "pk": 366,
    "fields": {
        "section": "205.0",
        "title": "Other GBC affiliated organizations"
    }
},
{
    "model": "lawbook.section",
    "pk": 367,
    "fields": {
        "section": "208.0",
        "title": "GBC zones & zonal configuration"
    }
},
{
    "model": "lawbook.section",
    "pk": 368,
    "fields": {
        "section": "205.1",
        "title": "GBC College for Leadership Development"
    }
},
{
    "model": "lawbook.section",
    "pk": 369,
    "fields": {
        "section": "205.2",
        "title": "GBC Division of legal, accounting and regulatory compliance"
    }
},
{
    "model": "lawbook.section",
    "pk": 370,
    "fields": {
        "section": "420.0",
        "title": "Other committees"
    }
},
{
    "model": "lawbook.category",
    "pk": 1,
    "fields": {
        "group": "1",
        "name": "Constitutional Principles",
        "description": "Enduring principles based on Prabhupada's teachings on how ISKCON should be organised.\r\n\r\n\r\nEnduring features of ISKCON as per Prabhupada's teachings."
    }
},
{
    "model": "lawbook.category",
    "pk": 2,
    "fields": {
        "group": "2",
        "name": "Governing Laws",
        "description": "Rules governing the practical functioning of ISKCON which are globally applicable. (permanent in nature)"
    }
},
{
    "model": "lawbook.category",
    "pk": 3,
    "fields": {
        "group": "3",
        "name": "Statutory Regulations",
        "description": "The Memorandum and Articles of Association which govern the internal functioning of the ISKCON GBC Society West Bengal."
    }
},
{
    "model": "lawbook.category",
    "pk": 4,
    "fields": {
        "group": "4",
        "name": "Rules of Order",
        "description": "Procedures for the functioning of the GBC Body. (permanent in nature)"
    }
},
{
    "model": "lawbook.category",
    "pk": 5,
    "fields": {
        "group": "5f",
        "name": "Administrative Guidelines: Vote of Thanks",
        "description": "Statements of appreciation or recognition of outstanding service or contributions to ISKCON."
    }
},
{
    "model": "lawbook.category",
    "pk": 12,
    "fields": {
        "group": "5b",
        "name": "Administrative Guidelines: Action Order",
        "description": "A directive to a specific individual or group of individuals to perform a time bound task."
    }
},
{
    "model": "lawbook.category",
    "pk": 13,
    "fields": {
        "group": "5a",
        "name": "Administrative Guidelines: Administrative Order",
        "description": "Orders by which an administrative wing or branch of ISKCON with specific functions is created. eg. a ministry or other functional unit that has an existence beyond the scope of the individuals performing the task."
    }
},
{
    "model": "lawbook.category",
    "pk": 16,
    "fields": {
        "group": "5e",
        "name": "Administrative Guidelines: Guideline",
        "description": "Guidance relative to setting standards or determining a course of action."
    }
},
{
    "model": "lawbook.category",
    "pk": 17,
    "fields": {
        "group": "5c",
        "name": "Administrative Guidelines: Position Paper",
        "description": "Considered conclusions of the Body on particular subject matters."
    }
},
{
    "model": "lawbook.category",
    "pk": 18,
    "fields": {
        "group": "5d",
        "name": "Administrative Guidelines: Statement",
        "description": "Declarations setting forth decisions of the body."
    }
},
{
    "model": "lawbook.category",
    "pk": 19,
    "fields": {
        "group": "5",
        "name": "Administrative guidelines",
        "description": "Detailed description of the practical application of laws. Includes Administrative Orders, Action Orders, Position Papers and Statements."
    }
},
{
    "model": "lawbook.resolution",
    "pk": 1,
    "fields": {
        "published": true,
        "year": 2007,
        "sort_order": 0,
        "res_id": "2007-801-001",
        "time": null,
        "title": "GBC officers and members 2007-2008",
        "resolution": "<p>His Holiness Bhanu Swami is elected GBC Chairman.</p>\r\n<p><span>His Holiness Ramai Swami is elected First Vice-Chairman.</span></p>\r\n<p><span>His Holiness A.C. Bhaktivaibhava Swami is elected Second Vice-Chairman.</span></p>\r\n<p><span>His Holiness Bhakti Purusottama Swami is elected GBC Secretary.</span></p>\r\n<p><span>His Holiness Kavicandra Swami is elected Special Duty Officer.</span></p>",
        "section": 172,
        "category": 12,
        "presentation": "",
        "comments_gbc": "",
        "comments_deputy": ""
    }
},
{
    "model": "lawbook.resolution",
    "pk": 2,
    "fields": {
        "published": true,
        "year": 2008,
        "sort_order": 0,
        "res_id": "2008-801-002",
        "time": null,
        "title": "GBC officers and members -- 2008",
        "resolution": "<p>Ramai Swami is elected GBC Chairman.</p>\r\n<p><span>Romapada Swami is elected First Vice-Chairman.</span></p>\r\n<p><span>Madhu Sevita dasa is elected Second Vice-Chairman.</span></p>",
        "section": 172,
        "category": 12,
        "presentation": "",
        "comments_gbc": "",
        "comments_deputy": ""
    }
},
{
    "model": "lawbook.resolution",
    "pk": 3,
    "fields": {
        "published": true,
        "year": 2015,
        "sort_order": 0,
        "res_id": "2015-207-003",
        "time": null,
        "title": "Annual General Meeting 2016",
        "resolution": "<p>The Annual General Meeting (AGM) of the ISKCON GBC Society shall take place from February 16-March 2, 2016, at ISKCON Mayapur, WB, India.</p>",
        "section": 334,
        "category": 12,
        "presentation": "",
        "comments_gbc": "",
        "comments_deputy": ""
    }
},
{
    "model": "lawbook.resolution",
    "pk": 4,
    "fields": {
        "published": true,
        "year": 2015,
        "sort_order": 0,
        "res_id": "2015-207-004",
        "time": null,
        "title": "Mid-term Meeting 2015",
        "resolution": "<p>The Midterm Meeting of the ISKCON GBC Society shall take place from October 15-23, 2015, at Govardhana Ecovillage , India</p>",
        "section": 335,
        "category": 12,
        "presentation": "",
        "comments_gbc": "",
        "comments_deputy": ""
    }
},
{
    "model": "lawbook.resolution",
    "pk": 5,
    "fields": {
        "published": true,
        "year": 2015,
        "sort_order": 0,
        "res_id": "2015-208-005",
        "time": null,
        "title": "Zonal configuration - Russia, 2015",
        "resolution": "<p>Russia will have nineteen zones:</p>\r\n<ol>\r\n<li>&nbsp;Moscow</li>\r\n<li>North-west</li>\r\n<li>North</li>\r\n<li>Central</li>\r\n<li>Golden ring</li>\r\n<li>Tatarstan</li>\r\n<li>Volga</li>\r\n<li>South 1</li>\r\n<li>South 2</li>\r\n<li>South 3</li>\r\n<li>Bashkortostan</li>\r\n<li>Ural</li>\r\n<li>West Siberia</li>\r\n<li>South Siberia</li>\r\n<li>East Siberia</li>\r\n<li>Baikal</li>\r\n<li>Far East 1</li>\r\n<li>Far East 2</li>\r\n<li>Far East 3</li>\r\n</ol>",
        "section": 336,
        "category": 12,
        "presentation": "<p>Whereas ISKCON Russia has expressed readiness to formally ratify its zones; now, therefore, be it resolved</p>",
        "comments_gbc": "",
        "comments_deputy": ""
    }
},
{
    "model": "lawbook.resolution",
    "pk": 6,
    "fields": {
        "published": true,
        "year": 2015,
        "sort_order": 0,
        "res_id": "2015-205-006",
        "time": null,
        "title": "GBC College for Leadership Development",
        "resolution": "<ol>\r\n<li>The GBC College for Leadership Development is hereby established.</li>\r\n</ol>\r\n<table width=\"739\" border=\"0\" cellspacing=\"0\" cellpadding=\"0\"><colgroup><col width=\"739\" /> </colgroup>\r\n<tbody>\r\n<tr>\r\n<td class=\"xl65\" width=\"739\" height=\"37\">\r\n<p>The College&rsquo;s primary focus shall be on contributing to prepare devotees to serve in crucial leadership roles within ISKCON.</p>\r\n<table width=\"739\" border=\"0\" cellspacing=\"0\" cellpadding=\"0\"><colgroup><col width=\"739\" /> </colgroup>\r\n<tbody>\r\n<tr>\r\n<td class=\"xl65\" width=\"739\" height=\"56\">\r\n<p>The GBC College shall be managed by a Board of Trustees (minimum seven, maximum nine). Trustees shall be appointed by the GBC through a simple majority vote for a renewable three-year term (or when needed to fill vacancies, etc.). Future trustees shall be added or reaffirmed through a simple majority vote by the GBC.</p>\r\n<br /><br />\r\n<table width=\"739\" border=\"0\" cellspacing=\"0\" cellpadding=\"0\"><colgroup><col width=\"739\" /> </colgroup>\r\n<tbody>\r\n<tr>\r\n<td class=\"xl65\" width=\"739\" height=\"37\"><ol>\r\n<li>The Board of Trustees shall be supported by a Board of Advisors (minimum fifteen, maximum thirty), appointed by the Board of Trustees.The first Board of Trustees of the GBC College for Leadership Development shall be composed of Romapada Swami, Radhanath Swami, Bhakti Charu Swami, Tamohara Das, Laxmimoni Dasi, Bhakti Vijnana Goswami, Rupanuga Das (BCS), Kaunteya Das (JPS) and Gauranga Das (RNS).</li>\r\n</ol>\r\n<p>By October 2015 the Trustees shall submit for the edification of the GBC a draft of the parameters for the legal document delineating the functioning of the College. The final Trust document shall be approved by the GBC.</p>\r\n<p>&nbsp;</p>\r\n</td>\r\n</tr>\r\n</tbody>\r\n</table>\r\n</td>\r\n</tr>\r\n</tbody>\r\n</table>\r\n</td>\r\n</tr>\r\n</tbody>\r\n</table>",
        "section": 368,
        "category": 13,
        "presentation": "<p>Whereas Srila Prabhupada repeatedly indicated the need for training qualified leaders:</p>\r\n<p><em>&ldquo;There is need for intelligent young men to train them up as future leaders and preachers to go all over the world for spreading the message of Lord Caitanya Mahaprabhu.&rdquo; (Letter, 9 January 1973)&nbsp;</em></p>\r\n<p><em>&ldquo;If we simply go on expanding and there are no qualified men to lead, then everything will be spoiled eventually.&rdquo; (Letter, 5 January 1973)</em></p>",
        "comments_gbc": "",
        "comments_deputy": ""
    }
},
{
    "model": "lawbook.resolution",
    "pk": 7,
    "fields": {
        "published": true,
        "year": 2015,
        "sort_order": 0,
        "res_id": "2015-801-007",
        "time": null,
        "title": "GBC officers and members -- 2015",
        "resolution": "<p>His Grace Praghosa dasa is elected GBC Chairman</p>\r\n<p>His Grace Sesa dasa is elected First Vice-Chairman</p>\r\n<p>His Holiness Bhakti Charu Swami is elected Second Vice-chairman</p>\r\n<p>His Holiness Bhakti Purusottama is elected GBC Secretary</p>\r\n<p>His Grace Candrasekhara Acarya dasa is appointed as a full GBC member</p>\r\n<p>His Holiness Prahladananda Swami is appointed as an Acting GBC</p>\r\n<p>His Grace Revati Raman dasa is appointed as an Assistant GBC</p>\r\n<p>His Grace Tirtharaj dasa continues as a GBC candidate&nbsp;</p>",
        "section": 172,
        "category": 12,
        "presentation": "",
        "comments_gbc": "",
        "comments_deputy": ""
    }
},
{
    "model": "lawbook.resolution",
    "pk": 8,
    "fields": {
        "published": true,
        "year": 2015,
        "sort_order": 0,
        "res_id": "2015-803-008",
        "time": null,
        "title": "Sannyasa waiting list -- 2015",
        "resolution": "<p>Adi Purusa dasa (GGS) (Bhuvanesvara) &ndash;1 year</p>\r\n<p>Adwaitacharya dasa (GGS) (Bhuvanesvara) &ndash; 2 years</p>\r\n<p>Agnideva dasa (ACBSP) (Trinidad) &ndash; 2 years</p>\r\n<p>Akincana dasa (BSDS) (Odisha) &ndash; 2 years</p>\r\n<p>Amala Bhakta dasa (ACBSP) (Los Angeles) &ndash; this year</p>\r\n<p>Ambarish dasa (GKG) (Russia) &ndash; 1 year</p>\r\n<p>Ananda Caitanya dasa (BCAIS) ( Baltics/Russia/US) &ndash; Accepted sannyasa in February</p>\r\n<p>Ananda Vardhana dasa (BVG) (Baltics/Finland/Europe) &ndash; 3 years</p>\r\n<p>Asit Krsna dasa (GGS) (India/Hong Kong/China/Taiwan) &ndash; 2 years</p>\r\n<p>Bhaktipada dasa (SRS) (Hungary/Romania/Turkey) &ndash; 3 years</p>\r\n<p>Carudesna dasa (BTS) (Ivory Coast) &ndash; this year</p>\r\n<p>Dayavan dasa (BVG) (Russia &ndash; 1 year</p>\r\n<p>Deva Deva dasa (HDG) (South America) &ndash; 3 years</p>\r\n<p>Dhirasanta dasa (ACBSP) (UK/Ukraine/Baltics) &ndash; Accepted sannyasa in February</p>\r\n<p>Ekalavya dasa (LOK) (India/Middle East/North America) &ndash; 3 years</p>\r\n<p>Ganga Narayan dasa (BCS) (India/South Africa) &ndash; Accepted sannyasa in March</p>\r\n<p>Gaura Chandra dasa (JPS) (Mayapur) &ndash; 3 years</p>\r\n<p>Gaura Krishna dasa (RGDS) (India) &ndash; this year</p>\r\n<p>Halayudha dasa (GGS) (Odisha/India) &ndash; 1 year</p>\r\n<p>Hari dasa (BSDS) (Manipur) &ndash; 2 years</p>\r\n<p>Hari Vilas dasa (ACBSP) (North America) &ndash; 2 years</p>\r\n<p>Lilasuka dasa (BCS) (UK/Europe) &ndash; this year</p>\r\n<p>Madhu Sevita (ACBSP) (Italy/France/Benelux) &ndash; 2 years</p>\r\n<p>Mahadyuti dasa (ACBSP) (Europe/Russia/South America) &ndash; 2 years</p>\r\n<p>Mahat Tattva dasa (BVKS) (North America/Europe) &ndash; 1 year</p>\r\n<p>Mahaprabhu dasa (SRS) (Hungary/Romania) &ndash; 3 years</p>\r\n<p>Markandeya Rsi dasa (PVS) (Malaysia) &ndash; 2 years</p>\r\n<p>Nabadvip Dvija Gouranga dasa (JPS) (Bangladesh) &ndash; 2 years</p>\r\n<p>Nitaidaya dasa (JPS) (Bosnia/Europe) &ndash; 4 years</p>\r\n<p>Priti Vardhana dasa (BVPS) (Mayapur) &ndash; 4 years</p>\r\n<p>Puspashila Shyam dasa (JPS) (Bangladesh) &ndash; 3 years</p>\r\n<p>Raghava Pandit dasa (GKG) (India) &ndash; 2 years</p>\r\n<p>Rupa Raghunatha dasa (LOK) (Europe/South America/India) &ndash; 2 years</p>\r\n<p>Sankirtana dasa (LOK) (China) &ndash; this year</p>\r\n<p>Uttamasloka dasa (IDS) (Europe/North America/Australia/Russia) &ndash; 1 year</p>\r\n<p>Vasudeva Datta dasa (JPS) (South America) &ndash; 4 years</p>\r\n<p>Venudhari dasa (JPS) (India) &ndash; 4 years</p>\r\n<p>Vishvavasu dasa (NRS) (Germany/Baltics/Russia &ndash; 3 years</p>\r\n<p>Yamunacarya dasa (HDG) (South America) &ndash; this year</p>",
        "section": 331,
        "category": 12,
        "presentation": "",
        "comments_gbc": "",
        "comments_deputy": ""
    }
},
{
    "model": "lawbook.resolution",
    "pk": 9,
    "fields": {
        "published": true,
        "year": 2015,
        "sort_order": 0,
        "res_id": "2015-804-009",
        "time": null,
        "title": "Reaffirmation of Ministries and Standing Committees -- 2015",
        "resolution": "<p>Congregational Development Ministry -- Co-Ministers: Jayapataka Swami, Kaunteya dasa</p>\r\n<p>ISKCON Deity Worship Ministry -- Minister: Nrsimha Kavaca dasa</p>\r\n<p>ISKCON Youth Ministry -- Minister: Manorama dasa</p>\r\n<p>Ministry of Book Distribution -- Minister: Vijaya dasa</p>\r\n<p>Ministry of Communications -- Minister: Anuttama dasa</p>\r\n<p>Ministry of Cow Protection and Agriculture -- Co-Ministers: Kalakantha dasa, Govindanandana dasa</p>\r\n<p>Ministry of Education -- Minister: Sesa dasa</p>\r\n<p>Ministry of Fund Development -- Minister: Devakinandan dasa</p>\r\n<p>Ministry of Health and Welfare -- Minister: Prahladanandana Swami, Other members: Bir Krishna Dasa Goswami</p>\r\n<p>Ministry of Justice -- Minister: Sesa dasa</p>\r\n<p>Ministry of Justice: ISKCON Dispute Resolution Committee (IDRC) --&nbsp;Minister of Justice, a representative of ISKCONResolve, the Second Vice-Chairman of the GBC, and the Director of the ISKCON Dispute Resolution Office</p>\r\n<p>Ministry of Justice: ISKCON Dispute Resolution Office: Director -- Jagajivan dasa</p>\r\n<p>Ministry of Padayatra -- Minister: Lokanath Swami</p>\r\n<p>Ministry of Sannyasa Services --&nbsp;Minister: Prahladananda Swami, Other members: Hrdaya Caitanya dasa, Sivarama Swami, Guru Prasad Swami, Bhaktivaibhava Swami, Bhakti Caitanya Swami</p>\r\n<p>Vaisnavi Ministry --&nbsp;Co-Ministers: Malati dasi, Dina Sharana dasi, Prasanta dasi</p>\r\n<p>BBT Construction Grant Allocation Committee (BBTCG) --&nbsp;Members: Ramai Swami, Bhanu Swami, Devamrita Swami, Current GBC Chairman, Hrdaya Caitanya dasa (Convener)</p>\r\n<p>GBC Appointment Committee -- Members: Prahladananda Swami (Chairman), Praghosa dasa, Madhu Sevita dasa, Bhakti Vijnana Goswami, Bhakti Caitanya Swami, Anuttama dasa, Laxmimoni dasi, Tamohara dasa</p>\r\n<p>GBC-BBT Team --&nbsp;Members: Badrinarayan Swami (Coordinator), Gopal Krishna Goswami, Sivarama Swami, Madhu Sevita dasa, Hrdaya Caitanya dasa, Praghosa dasa</p>\r\n<p>GBC Vaisnava Calendar Committee --&nbsp;&nbsp;Members: Bhanu Swami, Gopalapriya dasa, Sadasivananda dasa, Bhaktarupa dasa (Convener)</p>\r\n<p>Guru Services Committee --&nbsp;Members: Prahladananda Swami (Chairman), Praghosa dasa, Madhu Sevita dasa, Bhakti Vijnana Goswami, Bhakti Caitanya Swami, Anuttama dasa, Laxmimoni dasi, Tamohara dasa</p>\r\n<p>ISKCON Central Office of Child Protection -- Director: Champakalata dasi</p>\r\n<p>ISKCON Property Office --&nbsp;Members: Current GBC Executive Committee, Kuladri dasa (Convener-Secretary), Bhaktarupa dasa</p>\r\n<p>Sastric Advisory Council --&nbsp;Members: Urmila dasi (Acting Chair), Drutakarma dasa, Madana-mohana dasa, Narayani dasi, Adi-purusa dasa, Caitanya-carana dasa, Sarvajna dasa, Brijabasi dasa, Vinoda-bihari dasa</p>\r\n<p>World Holy Name Week Committee --&nbsp;Global Coordination Team: Lokanath Swami, Janananda Goswami, Ekalavya dasa</p>\r\n<p>Vrindavan Samadhi Standing Committee --&nbsp;Gopal Krishna Goswami, Malati devi dasi, Satyanarayana dasa, Naresvara dasa, Pancagauda dasa (Convener)</p>",
        "section": 332,
        "category": 12,
        "presentation": "",
        "comments_gbc": "",
        "comments_deputy": ""
    }
},
{
    "model": "lawbook.resolution",
    "pk": 10,
    "fields": {
        "published": true,
        "year": 2015,
        "sort_order": 0,
        "res_id": "2015-901-010",
        "time": null,
        "title": "GBC Budget -- 2015",
        "resolution": "<p><strong>The GBC budget for 2015-16 is (in INR)</strong></p>\r\n<p>50th anniversary committee &ndash; 2,40,000</p>\r\n<p>Annual General Meetings &ndash; 5,10,000</p>\r\n<p>&nbsp;</p>",
        "section": 329,
        "category": 12,
        "presentation": "",
        "comments_gbc": "",
        "comments_deputy": ""
    }
}
]
